Company name,Country,Official website,Corporate email address
Nordwerk Präzisionstechnik GmbH,Germany,https://www.nordwerk-praezision.de,info@nordwerk-praezision.de
Alpina Automationssysteme GmbH,Germany,https://www.alpina-automation.de,sales@alpina-automation.de
Vector Antriebstechnik GmbH,Germany,https://www.vector-antrieb.de,contact@vector-antrieb.de
Steinbach Robotics GmbH,Germany,https://www.steinbach-robotics.de,export@steinbach-robotics.de
Kastner Sensorik GmbH,Germany,https://www.kastner-sensorik.de,
Falkenberg Maschinenbau GmbH,Germany,https://www.falkenberg-maschinenbau.de,info@falkenberg-maschinenbau.de
Ostmann Fördertechnik GmbH,Germany,https://www.ostmann-foerdertechnik.de,sales@ostmann-foerdertechnik.de
Brandt Hydraulik GmbH,Germany,https://www.brandt-hydraulik.de,
Wagner Präzisionswerkzeuge GmbH,Germany,https://www.wagner-werkzeuge.de,contact@wagner-tools.de
Lindqvist Automation GmbH,Germany,https://www.lindqvist-automation.de,info@lindqvist-automation.de
